{"cameraMode":{"drawMode":0,"name":"Shaded","section":"Shading Mode"},"sceneLighting":false,"audioPlay":false,"sceneViewState":{"m_AlwaysRefresh":false,"showFog":true,"showSkybox":false,"showFlares":true,"showImageEffects":true,"showParticleSystems":true,"showVisualEffectGraphs":true,"m_FxEnabled":true},"in2DMode":false,"pivot":{"x":-5.621651649475098,"y":15.561420440673829,"z":-10.626302719116211},"rotation":{"x":0.09147338569164276,"y":0.8579275608062744,"z":-0.47820112109184267,"w":0.16411583125591279},"size":12.20903491973877,"orthographic":false}