{"cameraMode":{"drawMode":0,"name":"Shaded","section":"Shading Mode"},"sceneLighting":true,"audioPlay":false,"sceneViewState":{"m_AlwaysRefresh":false,"showFog":true,"showSkybox":true,"showFlares":true,"showImageEffects":true,"showParticleSystems":true,"showVisualEffectGraphs":true,"m_FxEnabled":true},"in2DMode":false,"pivot":{"x":34.57429122924805,"y":3.1335201263427736,"z":1.2342891693115235},"rotation":{"x":0.006212232168763876,"y":-0.8763113021850586,"z":0.4815795123577118,"w":0.011304092593491078},"size":14.286319732666016,"orthographic":false}